firstname;lastname;city;zipCode
Vorname1001;Nachname1001;Stadt1001;01001
Vorname1002;Nachname1002;Stadt1002;01002
Vorname1003;Nachname1003;Stadt1003;01003
Vorname1004;Nachname1004;Stadt1004;01004
Vorname1005;Nachname1005;Stadt1005;01005
Vorname1006;Nachname1006;Stadt1006;01006
Vorname1007;Nachname1007;Stadt1007;01007
Vorname1008;Nachname1008;Stadt1008;01008
Vorname1009;Nachname1009;Stadt1009;01009
Vorname1010;Nachname1010;Stadt1010;01010
Vorname1011;Nachname1011;Stadt1011;01011
Vorname1012;Nachname1012;Stadt1012;01012
Vorname1013;Nachname1013;Stadt1013;01013
Vorname1014;Nachname1014;Stadt1014;01014
Vorname1015;Nachname1015;Stadt1015;01015
Vorname1016;Nachname1016;Stadt1016;01016
Vorname1017;Nachname1017;Stadt1017;01017
Vorname1018;Nachname1018;Stadt1018;01018
Vorname1019;Nachname1019;Stadt1019;01019
Vorname1020;Nachname1020;Stadt1020;01020
Vorname1021;Nachname1021;Stadt1021;01021
Vorname1022;Nachname1022;Stadt1022;01022
Vorname1023;Nachname1023;Stadt1023;01023
Vorname1024;Nachname1024;Stadt1024;01024
Vorname1025;Nachname1025;Stadt1025;01025
Vorname1026;Nachname1026;Stadt1026;01026
Vorname1027;Nachname1027;Stadt1027;01027
Vorname1028;Nachname1028;Stadt1028;01028
Vorname1029;Nachname1029;Stadt1029;01029
Vorname1030;Nachname1030;Stadt1030;01030
Vorname1031;Nachname1031;Stadt1031;01031
Vorname1032;Nachname1032;Stadt1032;01032
Vorname1033;Nachname1033;Stadt1033;01033
Vorname1034;Nachname1034;Stadt1034;01034
Vorname1035;Nachname1035;Stadt1035;01035
Vorname1036;Nachname1036;Stadt1036;01036
Vorname1037;Nachname1037;Stadt1037;01037
Vorname1038;Nachname1038;Stadt1038;01038
Vorname1039;Nachname1039;Stadt1039;01039
Vorname1040;Nachname1040;Stadt1040;01040
Vorname1041;Nachname1041;Stadt1041;01041
Vorname1042;Nachname1042;Stadt1042;01042
Vorname1043;Nachname1043;Stadt1043;01043
Vorname1044;Nachname1044;Stadt1044;01044
Vorname1045;Nachname1045;Stadt1045;01045
Vorname1046;Nachname1046;Stadt1046;01046
Vorname1047;Nachname1047;Stadt1047;01047
Vorname1048;Nachname1048;Stadt1048;01048
Vorname1049;Nachname1049;Stadt1049;01049
Vorname1050;Nachname1050;Stadt1050;01050
Vorname1051;Nachname1051;Stadt1051;01051
Vorname1052;Nachname1052;Stadt1052;01052
Vorname1053;Nachname1053;Stadt1053;01053
Vorname1054;Nachname1054;Stadt1054;01054
Vorname1055;Nachname1055;Stadt1055;01055
Vorname1056;Nachname1056;Stadt1056;01056
Vorname1057;Nachname1057;Stadt1057;01057
Vorname1058;Nachname1058;Stadt1058;01058
Vorname1059;Nachname1059;Stadt1059;01059
Vorname1060;Nachname1060;Stadt1060;01060
Vorname1061;Nachname1061;Stadt1061;01061
Vorname1062;Nachname1062;Stadt1062;01062
Vorname1063;Nachname1063;Stadt1063;01063
Vorname1064;Nachname1064;Stadt1064;01064
Vorname1065;Nachname1065;Stadt1065;01065
Vorname1066;Nachname1066;Stadt1066;01066
Vorname1067;Nachname1067;Stadt1067;01067
Vorname1068;Nachname1068;Stadt1068;01068
Vorname1069;Nachname1069;Stadt1069;01069
Vorname1070;Nachname1070;Stadt1070;01070
Vorname1071;Nachname1071;Stadt1071;01071
Vorname1072;Nachname1072;Stadt1072;01072
Vorname1073;Nachname1073;Stadt1073;01073
Vorname1074;Nachname1074;Stadt1074;01074
Vorname1075;Nachname1075;Stadt1075;01075
Vorname1076;Nachname1076;Stadt1076;01076
Vorname1077;Nachname1077;Stadt1077;01077
Vorname1078;Nachname1078;Stadt1078;01078
Vorname1079;Nachname1079;Stadt1079;01079
Vorname1080;Nachname1080;Stadt1080;01080
Vorname1081;Nachname1081;Stadt1081;01081
Vorname1082;Nachname1082;Stadt1082;01082
Vorname1083;Nachname1083;Stadt1083;01083
Vorname1084;Nachname1084;Stadt1084;01084
Vorname1085;Nachname1085;Stadt1085;01085
Vorname1086;Nachname1086;Stadt1086;01086
Vorname1087;Nachname1087;Stadt1087;01087
Vorname1088;Nachname1088;Stadt1088;01088
Vorname1089;Nachname1089;Stadt1089;01089
Vorname1090;Nachname1090;Stadt1090;01090
Vorname1091;Nachname1091;Stadt1091;01091
Vorname1092;Nachname1092;Stadt1092;01092
Vorname1093;Nachname1093;Stadt1093;01093
Vorname1094;Nachname1094;Stadt1094;01094
Vorname1095;Nachname1095;Stadt1095;01095
Vorname1096;Nachname1096;Stadt1096;01096
Vorname1097;Nachname1097;Stadt1097;01097
Vorname1098;Nachname1098;Stadt1098;01098
Vorname1099;Nachname1099;Stadt1099;01099
Vorname1100;Nachname1100;Stadt1100;01100
Vorname1101;Nachname1101;Stadt1101;01101
Vorname1102;Nachname1102;Stadt1102;01102
Vorname1103;Nachname1103;Stadt1103;01103
Vorname1104;Nachname1104;Stadt1104;01104
Vorname1105;Nachname1105;Stadt1105;01105
Vorname1106;Nachname1106;Stadt1106;01106
Vorname1107;Nachname1107;Stadt1107;01107
Vorname1108;Nachname1108;Stadt1108;01108
Vorname1109;Nachname1109;Stadt1109;01109
Vorname1110;Nachname1110;Stadt1110;01110
Vorname1111;Nachname1111;Stadt1111;01111
Vorname1112;Nachname1112;Stadt1112;01112
Vorname1113;Nachname1113;Stadt1113;01113
Vorname1114;Nachname1114;Stadt1114;01114
Vorname1115;Nachname1115;Stadt1115;01115
Vorname1116;Nachname1116;Stadt1116;01116
Vorname1117;Nachname1117;Stadt1117;01117
Vorname1118;Nachname1118;Stadt1118;01118
Vorname1119;Nachname1119;Stadt1119;01119
Vorname1120;Nachname1120;Stadt1120;01120
Vorname1121;Nachname1121;Stadt1121;01121
Vorname1122;Nachname1122;Stadt1122;01122
Vorname1123;Nachname1123;Stadt1123;01123
Vorname1124;Nachname1124;Stadt1124;01124
Vorname1125;Nachname1125;Stadt1125;01125
Vorname1126;Nachname1126;Stadt1126;01126
Vorname1127;Nachname1127;Stadt1127;01127
Vorname1128;Nachname1128;Stadt1128;01128
Vorname1129;Nachname1129;Stadt1129;01129
Vorname1130;Nachname1130;Stadt1130;01130
Vorname1131;Nachname1131;Stadt1131;01131
Vorname1132;Nachname1132;Stadt1132;01132
Vorname1133;Nachname1133;Stadt1133;01133
Vorname1134;Nachname1134;Stadt1134;01134
Vorname1135;Nachname1135;Stadt1135;01135
Vorname1136;Nachname1136;Stadt1136;01136
Vorname1137;Nachname1137;Stadt1137;01137
Vorname1138;Nachname1138;Stadt1138;01138
Vorname1139;Nachname1139;Stadt1139;01139
Vorname1140;Nachname1140;Stadt1140;01140
Vorname1141;Nachname1141;Stadt1141;01141
Vorname1142;Nachname1142;Stadt1142;01142
Vorname1143;Nachname1143;Stadt1143;01143
Vorname1144;Nachname1144;Stadt1144;01144
Vorname1145;Nachname1145;Stadt1145;01145
Vorname1146;Nachname1146;Stadt1146;01146
Vorname1147;Nachname1147;Stadt1147;01147
Vorname1148;Nachname1148;Stadt1148;01148
Vorname1149;Nachname1149;Stadt1149;01149
Vorname1150;Nachname1150;Stadt1150;01150
Vorname1151;Nachname1151;Stadt1151;01151
Vorname1152;Nachname1152;Stadt1152;01152
Vorname1153;Nachname1153;Stadt1153;01153
Vorname1154;Nachname1154;Stadt1154;01154
Vorname1155;Nachname1155;Stadt1155;01155
Vorname1156;Nachname1156;Stadt1156;01156
Vorname1157;Nachname1157;Stadt1157;01157
Vorname1158;Nachname1158;Stadt1158;01158
Vorname1159;Nachname1159;Stadt1159;01159
Vorname1160;Nachname1160;Stadt1160;01160
Vorname1161;Nachname1161;Stadt1161;01161
Vorname1162;Nachname1162;Stadt1162;01162
Vorname1163;Nachname1163;Stadt1163;01163
Vorname1164;Nachname1164;Stadt1164;01164
Vorname1165;Nachname1165;Stadt1165;01165
Vorname1166;Nachname1166;Stadt1166;01166
Vorname1167;Nachname1167;Stadt1167;01167
Vorname1168;Nachname1168;Stadt1168;01168
Vorname1169;Nachname1169;Stadt1169;01169
Vorname1170;Nachname1170;Stadt1170;01170
Vorname1171;Nachname1171;Stadt1171;01171
Vorname1172;Nachname1172;Stadt1172;01172
Vorname1173;Nachname1173;Stadt1173;01173
Vorname1174;Nachname1174;Stadt1174;01174
Vorname1175;Nachname1175;Stadt1175;01175
Vorname1176;Nachname1176;Stadt1176;01176
Vorname1177;Nachname1177;Stadt1177;01177
Vorname1178;Nachname1178;Stadt1178;01178
Vorname1179;Nachname1179;Stadt1179;01179
Vorname1180;Nachname1180;Stadt1180;01180
Vorname1181;Nachname1181;Stadt1181;01181
Vorname1182;Nachname1182;Stadt1182;01182
Vorname1183;Nachname1183;Stadt1183;01183
Vorname1184;Nachname1184;Stadt1184;01184
Vorname1185;Nachname1185;Stadt1185;01185
Vorname1186;Nachname1186;Stadt1186;01186
Vorname1187;Nachname1187;Stadt1187;01187
Vorname1188;Nachname1188;Stadt1188;01188
Vorname1189;Nachname1189;Stadt1189;01189
Vorname1190;Nachname1190;Stadt1190;01190
Vorname1191;Nachname1191;Stadt1191;01191
Vorname1192;Nachname1192;Stadt1192;01192
Vorname1193;Nachname1193;Stadt1193;01193
Vorname1194;Nachname1194;Stadt1194;01194
Vorname1195;Nachname1195;Stadt1195;01195
Vorname1196;Nachname1196;Stadt1196;01196
Vorname1197;Nachname1197;Stadt1197;01197
Vorname1198;Nachname1198;Stadt1198;01198
Vorname1199;Nachname1199;Stadt1199;01199
Vorname1200;Nachname1200;Stadt1200;01200
Vorname1201;Nachname1201;Stadt1201;01201
Vorname1202;Nachname1202;Stadt1202;01202
Vorname1203;Nachname1203;Stadt1203;01203
Vorname1204;Nachname1204;Stadt1204;01204
Vorname1205;Nachname1205;Stadt1205;01205
Vorname1206;Nachname1206;Stadt1206;01206
Vorname1207;Nachname1207;Stadt1207;01207
Vorname1208;Nachname1208;Stadt1208;01208
Vorname1209;Nachname1209;Stadt1209;01209
Vorname1210;Nachname1210;Stadt1210;01210
Vorname1211;Nachname1211;Stadt1211;01211
Vorname1212;Nachname1212;Stadt1212;01212
Vorname1213;Nachname1213;Stadt1213;01213
Vorname1214;Nachname1214;Stadt1214;01214
Vorname1215;Nachname1215;Stadt1215;01215
Vorname1216;Nachname1216;Stadt1216;01216
Vorname1217;Nachname1217;Stadt1217;01217
Vorname1218;Nachname1218;Stadt1218;01218
Vorname1219;Nachname1219;Stadt1219;01219
Vorname1220;Nachname1220;Stadt1220;01220
Vorname1221;Nachname1221;Stadt1221;01221
Vorname1222;Nachname1222;Stadt1222;01222
Vorname1223;Nachname1223;Stadt1223;01223
Vorname1224;Nachname1224;Stadt1224;01224
Vorname1225;Nachname1225;Stadt1225;01225
Vorname1226;Nachname1226;Stadt1226;01226
Vorname1227;Nachname1227;Stadt1227;01227
Vorname1228;Nachname1228;Stadt1228;01228
Vorname1229;Nachname1229;Stadt1229;01229
Vorname1230;Nachname1230;Stadt1230;01230
Vorname1231;Nachname1231;Stadt1231;01231
Vorname1232;Nachname1232;Stadt1232;01232
Vorname1233;Nachname1233;Stadt1233;01233
Vorname1234;Nachname1234;Stadt1234;01234
Vorname1235;Nachname1235;Stadt1235;01235
Vorname1236;Nachname1236;Stadt1236;01236
Vorname1237;Nachname1237;Stadt1237;01237
Vorname1238;Nachname1238;Stadt1238;01238
Vorname1239;Nachname1239;Stadt1239;01239
Vorname1240;Nachname1240;Stadt1240;01240
Vorname1241;Nachname1241;Stadt1241;01241
Vorname1242;Nachname1242;Stadt1242;01242
Vorname1243;Nachname1243;Stadt1243;01243
Vorname1244;Nachname1244;Stadt1244;01244
Vorname1245;Nachname1245;Stadt1245;01245
Vorname1246;Nachname1246;Stadt1246;01246
Vorname1247;Nachname1247;Stadt1247;01247
Vorname1248;Nachname1248;Stadt1248;01248
Vorname1249;Nachname1249;Stadt1249;01249
Vorname1250;Nachname1250;Stadt1250;01250
Vorname1251;Nachname1251;Stadt1251;01251
Vorname1252;Nachname1252;Stadt1252;01252
Vorname1253;Nachname1253;Stadt1253;01253
Vorname1254;Nachname1254;Stadt1254;01254
Vorname1255;Nachname1255;Stadt1255;01255
Vorname1256;Nachname1256;Stadt1256;01256
Vorname1257;Nachname1257;Stadt1257;01257
Vorname1258;Nachname1258;Stadt1258;01258
Vorname1259;Nachname1259;Stadt1259;01259
Vorname1260;Nachname1260;Stadt1260;01260
Vorname1261;Nachname1261;Stadt1261;01261
Vorname1262;Nachname1262;Stadt1262;01262
Vorname1263;Nachname1263;Stadt1263;01263
Vorname1264;Nachname1264;Stadt1264;01264
Vorname1265;Nachname1265;Stadt1265;01265
Vorname1266;Nachname1266;Stadt1266;01266
Vorname1267;Nachname1267;Stadt1267;01267
Vorname1268;Nachname1268;Stadt1268;01268
Vorname1269;Nachname1269;Stadt1269;01269
Vorname1270;Nachname1270;Stadt1270;01270
Vorname1271;Nachname1271;Stadt1271;01271
Vorname1272;Nachname1272;Stadt1272;01272
Vorname1273;Nachname1273;Stadt1273;01273
Vorname1274;Nachname1274;Stadt1274;01274
Vorname1275;Nachname1275;Stadt1275;01275
Vorname1276;Nachname1276;Stadt1276;01276
Vorname1277;Nachname1277;Stadt1277;01277
Vorname1278;Nachname1278;Stadt1278;01278
Vorname1279;Nachname1279;Stadt1279;01279
Vorname1280;Nachname1280;Stadt1280;01280
Vorname1281;Nachname1281;Stadt1281;01281
Vorname1282;Nachname1282;Stadt1282;01282
Vorname1283;Nachname1283;Stadt1283;01283
Vorname1284;Nachname1284;Stadt1284;01284
Vorname1285;Nachname1285;Stadt1285;01285
Vorname1286;Nachname1286;Stadt1286;01286
Vorname1287;Nachname1287;Stadt1287;01287
Vorname1288;Nachname1288;Stadt1288;01288
Vorname1289;Nachname1289;Stadt1289;01289
Vorname1290;Nachname1290;Stadt1290;01290
Vorname1291;Nachname1291;Stadt1291;01291
Vorname1292;Nachname1292;Stadt1292;01292
Vorname1293;Nachname1293;Stadt1293;01293
Vorname1294;Nachname1294;Stadt1294;01294
Vorname1295;Nachname1295;Stadt1295;01295
Vorname1296;Nachname1296;Stadt1296;01296
Vorname1297;Nachname1297;Stadt1297;01297
Vorname1298;Nachname1298;Stadt1298;01298
Vorname1299;Nachname1299;Stadt1299;01299
Vorname1300;Nachname1300;Stadt1300;01300
Vorname1301;Nachname1301;Stadt1301;01301
Vorname1302;Nachname1302;Stadt1302;01302
Vorname1303;Nachname1303;Stadt1303;01303
Vorname1304;Nachname1304;Stadt1304;01304
Vorname1305;Nachname1305;Stadt1305;01305
Vorname1306;Nachname1306;Stadt1306;01306
Vorname1307;Nachname1307;Stadt1307;01307
Vorname1308;Nachname1308;Stadt1308;01308
Vorname1309;Nachname1309;Stadt1309;01309
Vorname1310;Nachname1310;Stadt1310;01310
Vorname1311;Nachname1311;Stadt1311;01311
Vorname1312;Nachname1312;Stadt1312;01312
Vorname1313;Nachname1313;Stadt1313;01313
Vorname1314;Nachname1314;Stadt1314;01314
Vorname1315;Nachname1315;Stadt1315;01315
Vorname1316;Nachname1316;Stadt1316;01316
Vorname1317;Nachname1317;Stadt1317;01317
Vorname1318;Nachname1318;Stadt1318;01318
Vorname1319;Nachname1319;Stadt1319;01319
Vorname1320;Nachname1320;Stadt1320;01320
Vorname1321;Nachname1321;Stadt1321;01321
Vorname1322;Nachname1322;Stadt1322;01322
Vorname1323;Nachname1323;Stadt1323;01323
Vorname1324;Nachname1324;Stadt1324;01324
Vorname1325;Nachname1325;Stadt1325;01325
Vorname1326;Nachname1326;Stadt1326;01326
Vorname1327;Nachname1327;Stadt1327;01327
Vorname1328;Nachname1328;Stadt1328;01328
Vorname1329;Nachname1329;Stadt1329;01329
Vorname1330;Nachname1330;Stadt1330;01330
Vorname1331;Nachname1331;Stadt1331;01331
Vorname1332;Nachname1332;Stadt1332;01332
Vorname1333;Nachname1333;Stadt1333;01333
Vorname1334;Nachname1334;Stadt1334;01334
Vorname1335;Nachname1335;Stadt1335;01335
Vorname1336;Nachname1336;Stadt1336;01336
Vorname1337;Nachname1337;Stadt1337;01337
Vorname1338;Nachname1338;Stadt1338;01338
Vorname1339;Nachname1339;Stadt1339;01339
Vorname1340;Nachname1340;Stadt1340;01340
Vorname1341;Nachname1341;Stadt1341;01341
Vorname1342;Nachname1342;Stadt1342;01342
Vorname1343;Nachname1343;Stadt1343;01343
Vorname1344;Nachname1344;Stadt1344;01344
Vorname1345;Nachname1345;Stadt1345;01345
Vorname1346;Nachname1346;Stadt1346;01346
Vorname1347;Nachname1347;Stadt1347;01347
Vorname1348;Nachname1348;Stadt1348;01348
Vorname1349;Nachname1349;Stadt1349;01349
Vorname1350;Nachname1350;Stadt1350;01350
Vorname1351;Nachname1351;Stadt1351;01351
Vorname1352;Nachname1352;Stadt1352;01352
Vorname1353;Nachname1353;Stadt1353;01353
Vorname1354;Nachname1354;Stadt1354;01354
Vorname1355;Nachname1355;Stadt1355;01355
Vorname1356;Nachname1356;Stadt1356;01356
Vorname1357;Nachname1357;Stadt1357;01357
Vorname1358;Nachname1358;Stadt1358;01358
Vorname1359;Nachname1359;Stadt1359;01359
Vorname1360;Nachname1360;Stadt1360;01360
Vorname1361;Nachname1361;Stadt1361;01361
Vorname1362;Nachname1362;Stadt1362;01362
Vorname1363;Nachname1363;Stadt1363;01363
Vorname1364;Nachname1364;Stadt1364;01364
Vorname1365;Nachname1365;Stadt1365;01365
Vorname1366;Nachname1366;Stadt1366;01366
Vorname1367;Nachname1367;Stadt1367;01367
Vorname1368;Nachname1368;Stadt1368;01368
Vorname1369;Nachname1369;Stadt1369;01369
Vorname1370;Nachname1370;Stadt1370;01370
Vorname1371;Nachname1371;Stadt1371;01371
Vorname1372;Nachname1372;Stadt1372;01372
Vorname1373;Nachname1373;Stadt1373;01373
Vorname1374;Nachname1374;Stadt1374;01374
Vorname1375;Nachname1375;Stadt1375;01375
Vorname1376;Nachname1376;Stadt1376;01376
Vorname1377;Nachname1377;Stadt1377;01377
Vorname1378;Nachname1378;Stadt1378;01378
Vorname1379;Nachname1379;Stadt1379;01379
Vorname1380;Nachname1380;Stadt1380;01380
Vorname1381;Nachname1381;Stadt1381;01381
Vorname1382;Nachname1382;Stadt1382;01382
Vorname1383;Nachname1383;Stadt1383;01383
Vorname1384;Nachname1384;Stadt1384;01384
Vorname1385;Nachname1385;Stadt1385;01385
Vorname1386;Nachname1386;Stadt1386;01386
Vorname1387;Nachname1387;Stadt1387;01387
Vorname1388;Nachname1388;Stadt1388;01388
Vorname1389;Nachname1389;Stadt1389;01389
Vorname1390;Nachname1390;Stadt1390;01390
Vorname1391;Nachname1391;Stadt1391;01391
Vorname1392;Nachname1392;Stadt1392;01392
Vorname1393;Nachname1393;Stadt1393;01393
Vorname1394;Nachname1394;Stadt1394;01394
Vorname1395;Nachname1395;Stadt1395;01395
Vorname1396;Nachname1396;Stadt1396;01396
Vorname1397;Nachname1397;Stadt1397;01397
Vorname1398;Nachname1398;Stadt1398;01398
Vorname1399;Nachname1399;Stadt1399;01399
Vorname1400;Nachname1400;Stadt1400;01400
Vorname1401;Nachname1401;Stadt1401;01401
Vorname1402;Nachname1402;Stadt1402;01402
Vorname1403;Nachname1403;Stadt1403;01403
Vorname1404;Nachname1404;Stadt1404;01404
Vorname1405;Nachname1405;Stadt1405;01405
Vorname1406;Nachname1406;Stadt1406;01406
Vorname1407;Nachname1407;Stadt1407;01407
Vorname1408;Nachname1408;Stadt1408;01408
Vorname1409;Nachname1409;Stadt1409;01409
Vorname1410;Nachname1410;Stadt1410;01410
Vorname1411;Nachname1411;Stadt1411;01411
Vorname1412;Nachname1412;Stadt1412;01412
Vorname1413;Nachname1413;Stadt1413;01413
Vorname1414;Nachname1414;Stadt1414;01414
Vorname1415;Nachname1415;Stadt1415;01415
Vorname1416;Nachname1416;Stadt1416;01416
Vorname1417;Nachname1417;Stadt1417;01417
Vorname1418;Nachname1418;Stadt1418;01418
Vorname1419;Nachname1419;Stadt1419;01419
Vorname1420;Nachname1420;Stadt1420;01420
Vorname1421;Nachname1421;Stadt1421;01421
Vorname1422;Nachname1422;Stadt1422;01422
Vorname1423;Nachname1423;Stadt1423;01423
Vorname1424;Nachname1424;Stadt1424;01424
Vorname1425;Nachname1425;Stadt1425;01425
Vorname1426;Nachname1426;Stadt1426;01426
Vorname1427;Nachname1427;Stadt1427;01427
Vorname1428;Nachname1428;Stadt1428;01428
Vorname1429;Nachname1429;Stadt1429;01429
Vorname1430;Nachname1430;Stadt1430;01430
Vorname1431;Nachname1431;Stadt1431;01431
Vorname1432;Nachname1432;Stadt1432;01432
Vorname1433;Nachname1433;Stadt1433;01433
Vorname1434;Nachname1434;Stadt1434;01434
Vorname1435;Nachname1435;Stadt1435;01435
Vorname1436;Nachname1436;Stadt1436;01436
Vorname1437;Nachname1437;Stadt1437;01437
Vorname1438;Nachname1438;Stadt1438;01438
Vorname1439;Nachname1439;Stadt1439;01439
Vorname1440;Nachname1440;Stadt1440;01440
Vorname1441;Nachname1441;Stadt1441;01441
Vorname1442;Nachname1442;Stadt1442;01442
Vorname1443;Nachname1443;Stadt1443;01443
Vorname1444;Nachname1444;Stadt1444;01444
Vorname1445;Nachname1445;Stadt1445;01445
Vorname1446;Nachname1446;Stadt1446;01446
Vorname1447;Nachname1447;Stadt1447;01447
Vorname1448;Nachname1448;Stadt1448;01448
Vorname1449;Nachname1449;Stadt1449;01449
Vorname1450;Nachname1450;Stadt1450;01450
Vorname1451;Nachname1451;Stadt1451;01451
Vorname1452;Nachname1452;Stadt1452;01452
Vorname1453;Nachname1453;Stadt1453;01453
Vorname1454;Nachname1454;Stadt1454;01454
Vorname1455;Nachname1455;Stadt1455;01455
Vorname1456;Nachname1456;Stadt1456;01456
Vorname1457;Nachname1457;Stadt1457;01457
Vorname1458;Nachname1458;Stadt1458;01458
Vorname1459;Nachname1459;Stadt1459;01459
Vorname1460;Nachname1460;Stadt1460;01460
Vorname1461;Nachname1461;Stadt1461;01461
Vorname1462;Nachname1462;Stadt1462;01462
Vorname1463;Nachname1463;Stadt1463;01463
Vorname1464;Nachname1464;Stadt1464;01464
Vorname1465;Nachname1465;Stadt1465;01465
Vorname1466;Nachname1466;Stadt1466;01466
Vorname1467;Nachname1467;Stadt1467;01467
Vorname1468;Nachname1468;Stadt1468;01468
Vorname1469;Nachname1469;Stadt1469;01469
Vorname1470;Nachname1470;Stadt1470;01470
Vorname1471;Nachname1471;Stadt1471;01471
Vorname1472;Nachname1472;Stadt1472;01472
Vorname1473;Nachname1473;Stadt1473;01473
Vorname1474;Nachname1474;Stadt1474;01474
Vorname1475;Nachname1475;Stadt1475;01475
Vorname1476;Nachname1476;Stadt1476;01476
Vorname1477;Nachname1477;Stadt1477;01477
Vorname1478;Nachname1478;Stadt1478;01478
Vorname1479;Nachname1479;Stadt1479;01479
Vorname1480;Nachname1480;Stadt1480;01480
Vorname1481;Nachname1481;Stadt1481;01481
Vorname1482;Nachname1482;Stadt1482;01482
Vorname1483;Nachname1483;Stadt1483;01483
Vorname1484;Nachname1484;Stadt1484;01484
Vorname1485;Nachname1485;Stadt1485;01485
Vorname1486;Nachname1486;Stadt1486;01486
Vorname1487;Nachname1487;Stadt1487;01487
Vorname1488;Nachname1488;Stadt1488;01488
Vorname1489;Nachname1489;Stadt1489;01489
Vorname1490;Nachname1490;Stadt1490;01490
Vorname1491;Nachname1491;Stadt1491;01491
Vorname1492;Nachname1492;Stadt1492;01492
Vorname1493;Nachname1493;Stadt1493;01493
Vorname1494;Nachname1494;Stadt1494;01494
Vorname1495;Nachname1495;Stadt1495;01495
Vorname1496;Nachname1496;Stadt1496;01496
Vorname1497;Nachname1497;Stadt1497;01497
Vorname1498;Nachname1498;Stadt1498;01498
Vorname1499;Nachname1499;Stadt1499;01499
Vorname1500;Nachname1500;Stadt1500;01500
Vorname1501;Nachname1501;Stadt1501;01501
Vorname1502;Nachname1502;Stadt1502;01502
Vorname1503;Nachname1503;Stadt1503;01503
Vorname1504;Nachname1504;Stadt1504;01504
Vorname1505;Nachname1505;Stadt1505;01505
Vorname1506;Nachname1506;Stadt1506;01506
Vorname1507;Nachname1507;Stadt1507;01507
Vorname1508;Nachname1508;Stadt1508;01508
Vorname1509;Nachname1509;Stadt1509;01509
Vorname1510;Nachname1510;Stadt1510;01510
Vorname1511;Nachname1511;Stadt1511;01511
Vorname1512;Nachname1512;Stadt1512;01512
Vorname1513;Nachname1513;Stadt1513;01513
Vorname1514;Nachname1514;Stadt1514;01514
Vorname1515;Nachname1515;Stadt1515;01515
Vorname1516;Nachname1516;Stadt1516;01516
Vorname1517;Nachname1517;Stadt1517;01517
Vorname1518;Nachname1518;Stadt1518;01518
Vorname1519;Nachname1519;Stadt1519;01519
Vorname1520;Nachname1520;Stadt1520;01520
Vorname1521;Nachname1521;Stadt1521;01521
Vorname1522;Nachname1522;Stadt1522;01522
Vorname1523;Nachname1523;Stadt1523;01523
Vorname1524;Nachname1524;Stadt1524;01524
Vorname1525;Nachname1525;Stadt1525;01525
Vorname1526;Nachname1526;Stadt1526;01526
Vorname1527;Nachname1527;Stadt1527;01527
Vorname1528;Nachname1528;Stadt1528;01528
Vorname1529;Nachname1529;Stadt1529;01529
Vorname1530;Nachname1530;Stadt1530;01530
Vorname1531;Nachname1531;Stadt1531;01531
Vorname1532;Nachname1532;Stadt1532;01532
Vorname1533;Nachname1533;Stadt1533;01533
Vorname1534;Nachname1534;Stadt1534;01534
Vorname1535;Nachname1535;Stadt1535;01535
Vorname1536;Nachname1536;Stadt1536;01536
Vorname1537;Nachname1537;Stadt1537;01537
Vorname1538;Nachname1538;Stadt1538;01538
Vorname1539;Nachname1539;Stadt1539;01539
Vorname1540;Nachname1540;Stadt1540;01540
Vorname1541;Nachname1541;Stadt1541;01541
Vorname1542;Nachname1542;Stadt1542;01542
Vorname1543;Nachname1543;Stadt1543;01543
Vorname1544;Nachname1544;Stadt1544;01544
Vorname1545;Nachname1545;Stadt1545;01545
Vorname1546;Nachname1546;Stadt1546;01546
Vorname1547;Nachname1547;Stadt1547;01547
Vorname1548;Nachname1548;Stadt1548;01548
Vorname1549;Nachname1549;Stadt1549;01549
Vorname1550;Nachname1550;Stadt1550;01550
Vorname1551;Nachname1551;Stadt1551;01551
Vorname1552;Nachname1552;Stadt1552;01552
Vorname1553;Nachname1553;Stadt1553;01553
Vorname1554;Nachname1554;Stadt1554;01554
Vorname1555;Nachname1555;Stadt1555;01555
Vorname1556;Nachname1556;Stadt1556;01556
Vorname1557;Nachname1557;Stadt1557;01557
Vorname1558;Nachname1558;Stadt1558;01558
Vorname1559;Nachname1559;Stadt1559;01559
Vorname1560;Nachname1560;Stadt1560;01560
Vorname1561;Nachname1561;Stadt1561;01561
Vorname1562;Nachname1562;Stadt1562;01562
Vorname1563;Nachname1563;Stadt1563;01563
Vorname1564;Nachname1564;Stadt1564;01564
Vorname1565;Nachname1565;Stadt1565;01565
Vorname1566;Nachname1566;Stadt1566;01566
Vorname1567;Nachname1567;Stadt1567;01567
Vorname1568;Nachname1568;Stadt1568;01568
Vorname1569;Nachname1569;Stadt1569;01569
Vorname1570;Nachname1570;Stadt1570;01570
Vorname1571;Nachname1571;Stadt1571;01571
Vorname1572;Nachname1572;Stadt1572;01572
Vorname1573;Nachname1573;Stadt1573;01573
Vorname1574;Nachname1574;Stadt1574;01574
Vorname1575;Nachname1575;Stadt1575;01575
Vorname1576;Nachname1576;Stadt1576;01576
Vorname1577;Nachname1577;Stadt1577;01577
Vorname1578;Nachname1578;Stadt1578;01578
Vorname1579;Nachname1579;Stadt1579;01579
Vorname1580;Nachname1580;Stadt1580;01580
Vorname1581;Nachname1581;Stadt1581;01581
Vorname1582;Nachname1582;Stadt1582;01582
Vorname1583;Nachname1583;Stadt1583;01583
Vorname1584;Nachname1584;Stadt1584;01584
Vorname1585;Nachname1585;Stadt1585;01585
Vorname1586;Nachname1586;Stadt1586;01586
Vorname1587;Nachname1587;Stadt1587;01587
Vorname1588;Nachname1588;Stadt1588;01588
Vorname1589;Nachname1589;Stadt1589;01589
Vorname1590;Nachname1590;Stadt1590;01590
Vorname1591;Nachname1591;Stadt1591;01591
Vorname1592;Nachname1592;Stadt1592;01592
Vorname1593;Nachname1593;Stadt1593;01593
Vorname1594;Nachname1594;Stadt1594;01594
Vorname1595;Nachname1595;Stadt1595;01595
Vorname1596;Nachname1596;Stadt1596;01596
Vorname1597;Nachname1597;Stadt1597;01597
Vorname1598;Nachname1598;Stadt1598;01598
Vorname1599;Nachname1599;Stadt1599;01599
Vorname1600;Nachname1600;Stadt1600;01600
Vorname1601;Nachname1601;Stadt1601;01601
Vorname1602;Nachname1602;Stadt1602;01602
Vorname1603;Nachname1603;Stadt1603;01603
Vorname1604;Nachname1604;Stadt1604;01604
Vorname1605;Nachname1605;Stadt1605;01605
Vorname1606;Nachname1606;Stadt1606;01606
Vorname1607;Nachname1607;Stadt1607;01607
Vorname1608;Nachname1608;Stadt1608;01608
Vorname1609;Nachname1609;Stadt1609;01609
Vorname1610;Nachname1610;Stadt1610;01610
Vorname1611;Nachname1611;Stadt1611;01611
Vorname1612;Nachname1612;Stadt1612;01612
Vorname1613;Nachname1613;Stadt1613;01613
Vorname1614;Nachname1614;Stadt1614;01614
Vorname1615;Nachname1615;Stadt1615;01615
Vorname1616;Nachname1616;Stadt1616;01616
Vorname1617;Nachname1617;Stadt1617;01617
Vorname1618;Nachname1618;Stadt1618;01618
Vorname1619;Nachname1619;Stadt1619;01619
Vorname1620;Nachname1620;Stadt1620;01620
Vorname1621;Nachname1621;Stadt1621;01621
Vorname1622;Nachname1622;Stadt1622;01622
Vorname1623;Nachname1623;Stadt1623;01623
Vorname1624;Nachname1624;Stadt1624;01624
Vorname1625;Nachname1625;Stadt1625;01625
Vorname1626;Nachname1626;Stadt1626;01626
Vorname1627;Nachname1627;Stadt1627;01627
Vorname1628;Nachname1628;Stadt1628;01628
Vorname1629;Nachname1629;Stadt1629;01629
Vorname1630;Nachname1630;Stadt1630;01630
Vorname1631;Nachname1631;Stadt1631;01631
Vorname1632;Nachname1632;Stadt1632;01632
Vorname1633;Nachname1633;Stadt1633;01633
Vorname1634;Nachname1634;Stadt1634;01634
Vorname1635;Nachname1635;Stadt1635;01635
Vorname1636;Nachname1636;Stadt1636;01636
Vorname1637;Nachname1637;Stadt1637;01637
Vorname1638;Nachname1638;Stadt1638;01638
Vorname1639;Nachname1639;Stadt1639;01639
Vorname1640;Nachname1640;Stadt1640;01640
Vorname1641;Nachname1641;Stadt1641;01641
Vorname1642;Nachname1642;Stadt1642;01642
Vorname1643;Nachname1643;Stadt1643;01643
Vorname1644;Nachname1644;Stadt1644;01644
Vorname1645;Nachname1645;Stadt1645;01645
Vorname1646;Nachname1646;Stadt1646;01646
Vorname1647;Nachname1647;Stadt1647;01647
Vorname1648;Nachname1648;Stadt1648;01648
Vorname1649;Nachname1649;Stadt1649;01649
Vorname1650;Nachname1650;Stadt1650;01650
Vorname1651;Nachname1651;Stadt1651;01651
Vorname1652;Nachname1652;Stadt1652;01652
Vorname1653;Nachname1653;Stadt1653;01653
Vorname1654;Nachname1654;Stadt1654;01654
Vorname1655;Nachname1655;Stadt1655;01655
Vorname1656;Nachname1656;Stadt1656;01656
Vorname1657;Nachname1657;Stadt1657;01657
Vorname1658;Nachname1658;Stadt1658;01658
Vorname1659;Nachname1659;Stadt1659;01659
Vorname1660;Nachname1660;Stadt1660;01660
Vorname1661;Nachname1661;Stadt1661;01661
Vorname1662;Nachname1662;Stadt1662;01662
Vorname1663;Nachname1663;Stadt1663;01663
Vorname1664;Nachname1664;Stadt1664;01664
Vorname1665;Nachname1665;Stadt1665;01665
Vorname1666;Nachname1666;Stadt1666;01666
Vorname1667;Nachname1667;Stadt1667;01667
Vorname1668;Nachname1668;Stadt1668;01668
Vorname1669;Nachname1669;Stadt1669;01669
Vorname1670;Nachname1670;Stadt1670;01670
Vorname1671;Nachname1671;Stadt1671;01671
Vorname1672;Nachname1672;Stadt1672;01672
Vorname1673;Nachname1673;Stadt1673;01673
Vorname1674;Nachname1674;Stadt1674;01674
Vorname1675;Nachname1675;Stadt1675;01675
Vorname1676;Nachname1676;Stadt1676;01676
Vorname1677;Nachname1677;Stadt1677;01677
Vorname1678;Nachname1678;Stadt1678;01678
Vorname1679;Nachname1679;Stadt1679;01679
Vorname1680;Nachname1680;Stadt1680;01680
Vorname1681;Nachname1681;Stadt1681;01681
Vorname1682;Nachname1682;Stadt1682;01682
Vorname1683;Nachname1683;Stadt1683;01683
Vorname1684;Nachname1684;Stadt1684;01684
Vorname1685;Nachname1685;Stadt1685;01685
Vorname1686;Nachname1686;Stadt1686;01686
Vorname1687;Nachname1687;Stadt1687;01687
Vorname1688;Nachname1688;Stadt1688;01688
Vorname1689;Nachname1689;Stadt1689;01689
Vorname1690;Nachname1690;Stadt1690;01690
Vorname1691;Nachname1691;Stadt1691;01691
Vorname1692;Nachname1692;Stadt1692;01692
Vorname1693;Nachname1693;Stadt1693;01693
Vorname1694;Nachname1694;Stadt1694;01694
Vorname1695;Nachname1695;Stadt1695;01695
Vorname1696;Nachname1696;Stadt1696;01696
Vorname1697;Nachname1697;Stadt1697;01697
Vorname1698;Nachname1698;Stadt1698;01698
Vorname1699;Nachname1699;Stadt1699;01699
Vorname1700;Nachname1700;Stadt1700;01700
Vorname1701;Nachname1701;Stadt1701;01701
Vorname1702;Nachname1702;Stadt1702;01702
Vorname1703;Nachname1703;Stadt1703;01703
Vorname1704;Nachname1704;Stadt1704;01704
Vorname1705;Nachname1705;Stadt1705;01705
Vorname1706;Nachname1706;Stadt1706;01706
Vorname1707;Nachname1707;Stadt1707;01707
Vorname1708;Nachname1708;Stadt1708;01708
Vorname1709;Nachname1709;Stadt1709;01709
Vorname1710;Nachname1710;Stadt1710;01710
Vorname1711;Nachname1711;Stadt1711;01711
Vorname1712;Nachname1712;Stadt1712;01712
Vorname1713;Nachname1713;Stadt1713;01713
Vorname1714;Nachname1714;Stadt1714;01714
Vorname1715;Nachname1715;Stadt1715;01715
Vorname1716;Nachname1716;Stadt1716;01716
Vorname1717;Nachname1717;Stadt1717;01717
Vorname1718;Nachname1718;Stadt1718;01718
Vorname1719;Nachname1719;Stadt1719;01719
Vorname1720;Nachname1720;Stadt1720;01720
Vorname1721;Nachname1721;Stadt1721;01721
Vorname1722;Nachname1722;Stadt1722;01722
Vorname1723;Nachname1723;Stadt1723;01723
Vorname1724;Nachname1724;Stadt1724;01724
Vorname1725;Nachname1725;Stadt1725;01725
Vorname1726;Nachname1726;Stadt1726;01726
Vorname1727;Nachname1727;Stadt1727;01727
Vorname1728;Nachname1728;Stadt1728;01728
Vorname1729;Nachname1729;Stadt1729;01729
Vorname1730;Nachname1730;Stadt1730;01730
Vorname1731;Nachname1731;Stadt1731;01731
Vorname1732;Nachname1732;Stadt1732;01732
Vorname1733;Nachname1733;Stadt1733;01733
Vorname1734;Nachname1734;Stadt1734;01734
Vorname1735;Nachname1735;Stadt1735;01735
Vorname1736;Nachname1736;Stadt1736;01736
Vorname1737;Nachname1737;Stadt1737;01737
Vorname1738;Nachname1738;Stadt1738;01738
Vorname1739;Nachname1739;Stadt1739;01739
Vorname1740;Nachname1740;Stadt1740;01740
Vorname1741;Nachname1741;Stadt1741;01741
Vorname1742;Nachname1742;Stadt1742;01742
Vorname1743;Nachname1743;Stadt1743;01743
Vorname1744;Nachname1744;Stadt1744;01744
Vorname1745;Nachname1745;Stadt1745;01745
Vorname1746;Nachname1746;Stadt1746;01746
Vorname1747;Nachname1747;Stadt1747;01747
Vorname1748;Nachname1748;Stadt1748;01748
Vorname1749;Nachname1749;Stadt1749;01749
Vorname1750;Nachname1750;Stadt1750;01750
Vorname1751;Nachname1751;Stadt1751;01751
Vorname1752;Nachname1752;Stadt1752;01752
Vorname1753;Nachname1753;Stadt1753;01753
Vorname1754;Nachname1754;Stadt1754;01754
Vorname1755;Nachname1755;Stadt1755;01755
Vorname1756;Nachname1756;Stadt1756;01756
Vorname1757;Nachname1757;Stadt1757;01757
Vorname1758;Nachname1758;Stadt1758;01758
Vorname1759;Nachname1759;Stadt1759;01759
Vorname1760;Nachname1760;Stadt1760;01760
Vorname1761;Nachname1761;Stadt1761;01761
Vorname1762;Nachname1762;Stadt1762;01762
Vorname1763;Nachname1763;Stadt1763;01763
Vorname1764;Nachname1764;Stadt1764;01764
Vorname1765;Nachname1765;Stadt1765;01765
Vorname1766;Nachname1766;Stadt1766;01766
Vorname1767;Nachname1767;Stadt1767;01767
Vorname1768;Nachname1768;Stadt1768;01768
Vorname1769;Nachname1769;Stadt1769;01769
Vorname1770;Nachname1770;Stadt1770;01770
Vorname1771;Nachname1771;Stadt1771;01771
Vorname1772;Nachname1772;Stadt1772;01772
Vorname1773;Nachname1773;Stadt1773;01773
Vorname1774;Nachname1774;Stadt1774;01774
Vorname1775;Nachname1775;Stadt1775;01775
Vorname1776;Nachname1776;Stadt1776;01776
Vorname1777;Nachname1777;Stadt1777;01777
Vorname1778;Nachname1778;Stadt1778;01778
Vorname1779;Nachname1779;Stadt1779;01779
Vorname1780;Nachname1780;Stadt1780;01780
Vorname1781;Nachname1781;Stadt1781;01781
Vorname1782;Nachname1782;Stadt1782;01782
Vorname1783;Nachname1783;Stadt1783;01783
Vorname1784;Nachname1784;Stadt1784;01784
Vorname1785;Nachname1785;Stadt1785;01785
Vorname1786;Nachname1786;Stadt1786;01786
Vorname1787;Nachname1787;Stadt1787;01787
Vorname1788;Nachname1788;Stadt1788;01788
Vorname1789;Nachname1789;Stadt1789;01789
Vorname1790;Nachname1790;Stadt1790;01790
Vorname1791;Nachname1791;Stadt1791;01791
Vorname1792;Nachname1792;Stadt1792;01792
Vorname1793;Nachname1793;Stadt1793;01793
Vorname1794;Nachname1794;Stadt1794;01794
Vorname1795;Nachname1795;Stadt1795;01795
Vorname1796;Nachname1796;Stadt1796;01796
Vorname1797;Nachname1797;Stadt1797;01797
Vorname1798;Nachname1798;Stadt1798;01798
Vorname1799;Nachname1799;Stadt1799;01799
Vorname1800;Nachname1800;Stadt1800;01800
Vorname1801;Nachname1801;Stadt1801;01801
Vorname1802;Nachname1802;Stadt1802;01802
Vorname1803;Nachname1803;Stadt1803;01803
Vorname1804;Nachname1804;Stadt1804;01804
Vorname1805;Nachname1805;Stadt1805;01805
Vorname1806;Nachname1806;Stadt1806;01806
Vorname1807;Nachname1807;Stadt1807;01807
Vorname1808;Nachname1808;Stadt1808;01808
Vorname1809;Nachname1809;Stadt1809;01809
Vorname1810;Nachname1810;Stadt1810;01810
Vorname1811;Nachname1811;Stadt1811;01811
Vorname1812;Nachname1812;Stadt1812;01812
Vorname1813;Nachname1813;Stadt1813;01813
Vorname1814;Nachname1814;Stadt1814;01814
Vorname1815;Nachname1815;Stadt1815;01815
Vorname1816;Nachname1816;Stadt1816;01816
Vorname1817;Nachname1817;Stadt1817;01817
Vorname1818;Nachname1818;Stadt1818;01818
Vorname1819;Nachname1819;Stadt1819;01819
Vorname1820;Nachname1820;Stadt1820;01820
Vorname1821;Nachname1821;Stadt1821;01821
Vorname1822;Nachname1822;Stadt1822;01822
Vorname1823;Nachname1823;Stadt1823;01823
Vorname1824;Nachname1824;Stadt1824;01824
Vorname1825;Nachname1825;Stadt1825;01825
Vorname1826;Nachname1826;Stadt1826;01826
Vorname1827;Nachname1827;Stadt1827;01827
Vorname1828;Nachname1828;Stadt1828;01828
Vorname1829;Nachname1829;Stadt1829;01829
Vorname1830;Nachname1830;Stadt1830;01830
Vorname1831;Nachname1831;Stadt1831;01831
Vorname1832;Nachname1832;Stadt1832;01832
Vorname1833;Nachname1833;Stadt1833;01833
Vorname1834;Nachname1834;Stadt1834;01834
Vorname1835;Nachname1835;Stadt1835;01835
Vorname1836;Nachname1836;Stadt1836;01836
Vorname1837;Nachname1837;Stadt1837;01837
Vorname1838;Nachname1838;Stadt1838;01838
Vorname1839;Nachname1839;Stadt1839;01839
Vorname1840;Nachname1840;Stadt1840;01840
Vorname1841;Nachname1841;Stadt1841;01841
Vorname1842;Nachname1842;Stadt1842;01842
Vorname1843;Nachname1843;Stadt1843;01843
Vorname1844;Nachname1844;Stadt1844;01844
Vorname1845;Nachname1845;Stadt1845;01845
Vorname1846;Nachname1846;Stadt1846;01846
Vorname1847;Nachname1847;Stadt1847;01847
Vorname1848;Nachname1848;Stadt1848;01848
Vorname1849;Nachname1849;Stadt1849;01849
Vorname1850;Nachname1850;Stadt1850;01850
Vorname1851;Nachname1851;Stadt1851;01851
Vorname1852;Nachname1852;Stadt1852;01852
Vorname1853;Nachname1853;Stadt1853;01853
Vorname1854;Nachname1854;Stadt1854;01854
Vorname1855;Nachname1855;Stadt1855;01855
Vorname1856;Nachname1856;Stadt1856;01856
Vorname1857;Nachname1857;Stadt1857;01857
Vorname1858;Nachname1858;Stadt1858;01858
Vorname1859;Nachname1859;Stadt1859;01859
Vorname1860;Nachname1860;Stadt1860;01860
Vorname1861;Nachname1861;Stadt1861;01861
Vorname1862;Nachname1862;Stadt1862;01862
Vorname1863;Nachname1863;Stadt1863;01863
Vorname1864;Nachname1864;Stadt1864;01864
Vorname1865;Nachname1865;Stadt1865;01865
Vorname1866;Nachname1866;Stadt1866;01866
Vorname1867;Nachname1867;Stadt1867;01867
Vorname1868;Nachname1868;Stadt1868;01868
Vorname1869;Nachname1869;Stadt1869;01869
Vorname1870;Nachname1870;Stadt1870;01870
Vorname1871;Nachname1871;Stadt1871;01871
Vorname1872;Nachname1872;Stadt1872;01872
Vorname1873;Nachname1873;Stadt1873;01873
Vorname1874;Nachname1874;Stadt1874;01874
Vorname1875;Nachname1875;Stadt1875;01875
Vorname1876;Nachname1876;Stadt1876;01876
Vorname1877;Nachname1877;Stadt1877;01877
Vorname1878;Nachname1878;Stadt1878;01878
Vorname1879;Nachname1879;Stadt1879;01879
Vorname1880;Nachname1880;Stadt1880;01880
Vorname1881;Nachname1881;Stadt1881;01881
Vorname1882;Nachname1882;Stadt1882;01882
Vorname1883;Nachname1883;Stadt1883;01883
Vorname1884;Nachname1884;Stadt1884;01884
Vorname1885;Nachname1885;Stadt1885;01885
Vorname1886;Nachname1886;Stadt1886;01886
Vorname1887;Nachname1887;Stadt1887;01887
Vorname1888;Nachname1888;Stadt1888;01888
Vorname1889;Nachname1889;Stadt1889;01889
Vorname1890;Nachname1890;Stadt1890;01890
Vorname1891;Nachname1891;Stadt1891;01891
Vorname1892;Nachname1892;Stadt1892;01892
Vorname1893;Nachname1893;Stadt1893;01893
Vorname1894;Nachname1894;Stadt1894;01894
Vorname1895;Nachname1895;Stadt1895;01895
Vorname1896;Nachname1896;Stadt1896;01896
Vorname1897;Nachname1897;Stadt1897;01897
Vorname1898;Nachname1898;Stadt1898;01898
Vorname1899;Nachname1899;Stadt1899;01899
Vorname1900;Nachname1900;Stadt1900;01900
Vorname1901;Nachname1901;Stadt1901;01901
Vorname1902;Nachname1902;Stadt1902;01902
Vorname1903;Nachname1903;Stadt1903;01903
Vorname1904;Nachname1904;Stadt1904;01904
Vorname1905;Nachname1905;Stadt1905;01905
Vorname1906;Nachname1906;Stadt1906;01906
Vorname1907;Nachname1907;Stadt1907;01907
Vorname1908;Nachname1908;Stadt1908;01908
Vorname1909;Nachname1909;Stadt1909;01909
Vorname1910;Nachname1910;Stadt1910;01910
Vorname1911;Nachname1911;Stadt1911;01911
Vorname1912;Nachname1912;Stadt1912;01912
Vorname1913;Nachname1913;Stadt1913;01913
Vorname1914;Nachname1914;Stadt1914;01914
Vorname1915;Nachname1915;Stadt1915;01915
Vorname1916;Nachname1916;Stadt1916;01916
Vorname1917;Nachname1917;Stadt1917;01917
Vorname1918;Nachname1918;Stadt1918;01918
Vorname1919;Nachname1919;Stadt1919;01919
Vorname1920;Nachname1920;Stadt1920;01920
Vorname1921;Nachname1921;Stadt1921;01921
Vorname1922;Nachname1922;Stadt1922;01922
Vorname1923;Nachname1923;Stadt1923;01923
Vorname1924;Nachname1924;Stadt1924;01924
Vorname1925;Nachname1925;Stadt1925;01925
Vorname1926;Nachname1926;Stadt1926;01926
Vorname1927;Nachname1927;Stadt1927;01927
Vorname1928;Nachname1928;Stadt1928;01928
Vorname1929;Nachname1929;Stadt1929;01929
Vorname1930;Nachname1930;Stadt1930;01930
Vorname1931;Nachname1931;Stadt1931;01931
Vorname1932;Nachname1932;Stadt1932;01932
Vorname1933;Nachname1933;Stadt1933;01933
Vorname1934;Nachname1934;Stadt1934;01934
Vorname1935;Nachname1935;Stadt1935;01935
Vorname1936;Nachname1936;Stadt1936;01936
Vorname1937;Nachname1937;Stadt1937;01937
Vorname1938;Nachname1938;Stadt1938;01938
Vorname1939;Nachname1939;Stadt1939;01939
Vorname1940;Nachname1940;Stadt1940;01940
Vorname1941;Nachname1941;Stadt1941;01941
Vorname1942;Nachname1942;Stadt1942;01942
Vorname1943;Nachname1943;Stadt1943;01943
Vorname1944;Nachname1944;Stadt1944;01944
Vorname1945;Nachname1945;Stadt1945;01945
Vorname1946;Nachname1946;Stadt1946;01946
Vorname1947;Nachname1947;Stadt1947;01947
Vorname1948;Nachname1948;Stadt1948;01948
Vorname1949;Nachname1949;Stadt1949;01949
Vorname1950;Nachname1950;Stadt1950;01950
Vorname1951;Nachname1951;Stadt1951;01951
Vorname1952;Nachname1952;Stadt1952;01952
Vorname1953;Nachname1953;Stadt1953;01953
Vorname1954;Nachname1954;Stadt1954;01954
Vorname1955;Nachname1955;Stadt1955;01955
Vorname1956;Nachname1956;Stadt1956;01956
Vorname1957;Nachname1957;Stadt1957;01957
Vorname1958;Nachname1958;Stadt1958;01958
Vorname1959;Nachname1959;Stadt1959;01959
Vorname1960;Nachname1960;Stadt1960;01960
Vorname1961;Nachname1961;Stadt1961;01961
Vorname1962;Nachname1962;Stadt1962;01962
Vorname1963;Nachname1963;Stadt1963;01963
Vorname1964;Nachname1964;Stadt1964;01964
Vorname1965;Nachname1965;Stadt1965;01965
Vorname1966;Nachname1966;Stadt1966;01966
Vorname1967;Nachname1967;Stadt1967;01967
Vorname1968;Nachname1968;Stadt1968;01968
Vorname1969;Nachname1969;Stadt1969;01969
Vorname1970;Nachname1970;Stadt1970;01970
Vorname1971;Nachname1971;Stadt1971;01971
Vorname1972;Nachname1972;Stadt1972;01972
Vorname1973;Nachname1973;Stadt1973;01973
Vorname1974;Nachname1974;Stadt1974;01974
Vorname1975;Nachname1975;Stadt1975;01975
Vorname1976;Nachname1976;Stadt1976;01976
Vorname1977;Nachname1977;Stadt1977;01977
Vorname1978;Nachname1978;Stadt1978;01978
Vorname1979;Nachname1979;Stadt1979;01979
Vorname1980;Nachname1980;Stadt1980;01980
Vorname1981;Nachname1981;Stadt1981;01981
Vorname1982;Nachname1982;Stadt1982;01982
Vorname1983;Nachname1983;Stadt1983;01983
Vorname1984;Nachname1984;Stadt1984;01984
Vorname1985;Nachname1985;Stadt1985;01985
Vorname1986;Nachname1986;Stadt1986;01986
Vorname1987;Nachname1987;Stadt1987;01987
Vorname1988;Nachname1988;Stadt1988;01988
Vorname1989;Nachname1989;Stadt1989;01989
Vorname1990;Nachname1990;Stadt1990;01990
Vorname1991;Nachname1991;Stadt1991;01991
Vorname1992;Nachname1992;Stadt1992;01992
Vorname1993;Nachname1993;Stadt1993;01993
Vorname1994;Nachname1994;Stadt1994;01994
Vorname1995;Nachname1995;Stadt1995;01995
Vorname1996;Nachname1996;Stadt1996;01996
Vorname1997;Nachname1997;Stadt1997;01997
Vorname1998;Nachname1998;Stadt1998;01998
Vorname1999;Nachname1999;Stadt1999;01999
